create database Proj;

use Proj;

CREATE TABLE class(
  class_id INT PRIMARY KEY,
  class_name VARCHAR(20) NOT NULL,
  teacher_id INT
);


CREATE TABLE teacher(
  teacher_id INT PRIMARY KEY,
  first_name VARCHAR(20) NOT NULL,
  last_name VARCHAR(20) NOT NULL,
  contact_no VARCHAR(20) NOT NULL,
  email VARCHAR(50) NOT NULL
);

CREATE TABLE subject1(
  subject_id INT PRIMARY KEY,
  teacher_id INT,
  class_id INT,
  name_subj VARCHAR(20) NOT NULL,
  FOREIGN KEY (teacher_id) REFERENCES teacher(teacher_id),
  FOREIGN KEY (class_id) REFERENCES class(class_id)
);

CREATE TABLE student (
  student_id INT PRIMARY KEY,
  first_name VARCHAR(22) NOT NULL,
  last_name VARCHAR(22) NOT NULL,
  DOB DATE NOT NULL,
  class_id INT,
  contact VARCHAR(22),
  address VARCHAR(100) NOT NULL,
  gender VARCHAR(10) NOT NULL,
  FOREIGN KEY (class_id) REFERENCES class(class_id)
);

CREATE TABLE result(
  mark_id INT PRIMARY KEY,
  student_id INT,
  subject_id INT,
  exam_date DATE NOT NULL,
  marks_obt INT,
  FOREIGN KEY(student_id) REFERENCES student(student_id),
  FOREIGN KEY(subject_id) REFERENCES subject1(subject_id)
);

CREATE TABLE attendance(
  attendance_id INT PRIMARY KEY,
  student_id INT,
  school_date DATE,
  remark VARCHAR(10) NOT NULL,
  FOREIGN KEY(student_id) REFERENCES student(student_id)
);


INSERT INTO teacher (teacher_id, first_name, last_name, contact_no, email) VALUES
(1, 'Ravi', 'Patil', '9876543210', 'ravi.patil@school.com'),
(2, 'Sneha', 'Joshi', '9123456789', 'sneha.joshi@school.com'),
(3, 'Amit', 'Kumar', '9988776655', 'amit.kumar@school.com'),
(4, 'Priya', 'Sharma', '9090909090', 'priya.sharma@school.com'),
(5, 'Rahul', 'Deshmukh', '9001234567', 'rahul.deshmukh@school.com'),
(6, 'Anita', 'More', '7896541230', 'anita.more@school.com'),
(7, 'Vikram', 'Singh', '7564839201', 'vikram.singh@school.com'),
(8, 'Meera', 'Kulkarni', '7045123698', 'meera.kulkarni@school.com'),
(9, 'Suresh', 'Naik', '8457961235', 'suresh.naik@school.com'),
(10, 'Pooja', 'Mehta', '9871205463', 'pooja.mehta@school.com'),
(11, 'Karan', 'Gupta', '9988123445', 'karan.gupta@school.com'),
(12, 'Ritu', 'Bansal', '9098123456', 'ritu.bansal@school.com'),
(13, 'Deepak', 'Chavan', '9765432109', 'deepak.chavan@school.com'),
(14, 'Swati', 'Rane', '9898989898', 'swati.rane@school.com'),
(15, 'Ajay', 'Tiwari', '9877654321', 'ajay.tiwari@school.com'),
(16, 'Neha', 'Pawar', '9564781230', 'neha.pawar@school.com');


INSERT INTO class (class_id, class_name, teacher_id) VALUES
(1,  '1A',  7),
(2,  '1B',  3),
(3,  '1C',  12),
(4,  '1D',  1),
(5,  '2A',  15),
(6,  '2B',  6),
(7,  '2C',  10),
(8,  '2D',  14),
(9,  '3A',  2),
(10, '3B',  16),
(11, '3C',  4),
(12, '3D',  9),
(13, '4A',  13),
(14, '4B',  5),
(15, '4C',  11),
(16, '4D',  8);

INSERT INTO subject1 (subject_id, teacher_id, class_id, name_subj) VALUES
(101,  1,  7,  'Mathematics'),
(102,  2,  3,  'Science'),
(103,  3, 12,  'English'),
(104,  4,  1,  'Hindi'),
(105,  5, 15,  'SocialStudies'),
(106,  6,  6,  'Geography'),
(107,  7, 10,  'History'),
(108,  8, 14,  'Physics'),
(109,  9,  2,  'Chemistry'),
(110, 10, 16,  'Biology'),
(111, 11,  4,  'Computer'),
(112, 12,  9,  'Economics'),
(113, 13, 13,  'EVS'),
(114, 14,  5,  'Algebra'),
(115, 15, 11,  'Geometry'),
(116, 16,  8,  'GeneralKnowledge');

INSERT INTO student values
(1, 'Kabir', 'Yadav', '2005-12-28', 7, '9867737030', 'Andheri', 'Male'),
(2, 'Myra', 'Khan', '2001-06-01', 13, '9841075293', 'Jogeshwari', 'Female'),
(3, 'Aarav', 'Iyer', '2003-06-02', 4, '9844711381', 'Vile Parle', 'Male'),
(4, 'Aarohi', 'Khan', '2001-10-17', 15, '9860658875', 'Goregaon', 'Female'),
(5, 'Riya', 'Iyer', '2003-04-27', 2, '9827281741', 'Andheri', 'Female'),
(6, 'Vivaan', 'Rao', '2004-06-24', 11, '9864213842', 'Goregaon', 'Male'),
(7, 'Sara', 'Khan', '2002-11-14', 9, '9857739455', 'Jogeshwari', 'Female'),
(8, 'Vivaan', 'Desai', '2001-07-11', 1, '9846725770', 'Andheri', 'Male'),
(9, 'Kabir', 'Iyer', '2005-07-19', 16, '9862092835', 'Vile Parle', 'Male'),
(10, 'Myra', 'Desai', '2004-05-25', 14, '9893984877', 'Goregaon', 'Female'),

(11, 'Vivaan', 'Mehta', '2005-03-22', 5, '9821459232', 'Jogeshwari', 'Male'),
(12, 'Saanvi', 'Yadav', '2003-03-13', 8, '9813186306', 'Vile Parle', 'Female'),
(13, 'Reyansh', 'Singh', '2004-01-30', 3, '9883899562', 'Andheri', 'Male'),
(14, 'Vihaan', 'Mehta', '2002-11-16', 10, '9814128107', 'Jogeshwari', 'Male'),
(15, 'Manav', 'Mehta', '2004-06-07', 6, '9872237068', 'Goregaon', 'Male'),
(16, 'Aarav', 'Rao', '2005-09-12', 12, '9865528193', 'Andheri', 'Male'),
(17, 'Anaya', 'Patel', '2002-01-03', 4, '9877539120', 'Vile Parle', 'Female'),
(18, 'Rohan', 'Singh', '2000-04-21', 9, '9821976420', 'Goregaon', 'Male'),
(19, 'Kiara', 'Desai', '2001-02-19', 7, '9831459087', 'Jogeshwari', 'Female'),
(20, 'Mira', 'Khan', '2003-10-28', 16, '9897452103', 'Andheri', 'Female'),

(21, 'Arjun', 'Rao', '2005-03-05', 11, '9817253409', 'Vile Parle', 'Male'),
(22, 'Diya', 'Sharma', '2002-07-15', 10, '9826045712', 'Goregaon', 'Female'),
(23, 'Ishaan', 'Iyer', '2000-08-29', 1, '9847023167', 'Jogeshwari', 'Male'),
(24, 'Ayaan', 'Shinde', '2001-09-14', 15, '9871045923', 'Andheri', 'Male'),
(25, 'Sara', 'Patel', '2004-12-12', 3, '9819234056', 'Vile Parle', 'Female'),
(26, 'Mira', 'Singh', '2002-02-04', 5, '9893457811', 'Goregaon', 'Female'),
(27, 'Aarav', 'Sharma', '2003-11-22', 13, '9842159077', 'Jogeshwari', 'Male'),
(28, 'Kabir', 'Rao', '2001-06-30', 6, '9819654702', 'Andheri', 'Male'),
(29, 'Myra', 'Mehta', '2005-05-06', 8, '9874352198', 'Vile Parle', 'Female'),
(30, 'Reyansh', 'Patel', '2004-03-18', 14, '9823145097', 'Goregaon', 'Male'),

(31, 'Saanvi', 'Iyer', '2002-09-23', 12, '9812570439', 'Andheri', 'Female'),
(32, 'Riya', 'Singh', '2000-12-01', 2, '9879246103', 'Jogeshwari', 'Female'),
(33, 'Ayaan', 'Mehta', '2003-05-09', 9, '9887451029', 'Vile Parle', 'Male'),
(34, 'Manav', 'Khan', '2001-01-26', 4, '9826154738', 'Andheri', 'Male'),
(35, 'Aarohi', 'Desai', '2005-08-02', 11, '9892103567', 'Goregaon', 'Female'),
(36, 'Diya', 'Yadav', '2004-09-29', 7, '9841032658', 'Jogeshwari', 'Female'),
(37, 'Rohan', 'Khan', '2000-11-07', 16, '9862357940', 'Andheri', 'Male'),
(38, 'Kiara', 'Singh', '2005-02-14', 3, '9824701953', 'Goregaon', 'Female'),
(39, 'Vivaan', 'Iyer', '2002-04-09', 15, '9876509142', 'Vile Parle', 'Male'),
(40, 'Myra', 'Sharma', '2001-03-12', 1, '9813064729', 'Jogeshwari', 'Female'),

(41, 'Arnav', 'Sharma', '2001-03-12', 6, '9876543101', 'Santacruz', 'Male'),
(42, 'Riya', 'Nair', '2003-07-25', 13, '9823456712', 'Khar', 'Female'),
(43, 'Karthik', 'Menon', '2002-11-08', 10, '9898765439', 'Bandra', 'Male'),
(44, 'Sneha', 'Patil', '2004-05-19', 2, '9812345690', 'Andheri', 'Female'),
(45, 'Rohan', 'Gupta', '2000-09-04', 8, '9932147865', 'Jogeshwari', 'Male'),
(46, 'Meera', 'Joshi', '2005-01-29', 11, '9845123076', 'Goregaon', 'Female'),
(47, 'Aditya', 'Shetty', '2003-04-11', 5, '9765432187', 'Bandra', 'Male'),
(48, 'Pooja', 'Verma', '2002-02-17', 4, '9867890127', 'Khar', 'Female'),
(49, 'Siddharth', 'Kulkarni', '2001-12-30', 15, '9856741290', 'Andheri', 'Male'),
(50, 'Tanya', 'Kapoor', '2004-08-22', 3, '9801234598', 'Goregaon', 'Female'),

(51, 'Harsh', 'Rathod', '2002-06-14', 12, '9876102345', 'Santacruz', 'Male'),
(52, 'Isha', 'Mehta', '2005-09-03', 7, '9823412078', 'Khar', 'Female'),
(53, 'Nikhil', 'Salvi', '2001-01-27', 9, '9898345621', 'Bandra', 'Male'),
(54, 'Kajal', 'Puri', '2004-12-09', 16, '9812309876', 'Andheri', 'Female'),
(55, 'Manav', 'Shinde', '2000-03-18', 6, '9932178456', 'Jogeshwari', 'Male'),
(56, 'Radhika', 'Yadav', '2003-10-21', 1, '9845102398', 'Goregaon', 'Female'),
(57, 'Viraj', 'Jadhav', '2005-04-05', 15, '9765481023', 'Bandra', 'Male'),
(58, 'Simran', 'Seth', '2002-08-29', 2, '9867012543', 'Santacruz', 'Female'),
(59, 'Arnav', 'Kohli', '2001-07-12', 14, '9856102348', 'Andheri', 'Male'),
(60, 'Tanvi', 'Chauhan', '2003-02-24', 10, '9801324576', 'Jogeshwari', 'Female');

alter table result
drop column exam_date;

insert into result values
(1, 1, 101, 42),
(2, 1, 102, 37),
(3, 1, 103, 45),
(4, 1, 104, 28),
(5, 1, 105, 33),
(6, 1, 106, 49),
(7, 1, 107, 31),
(8, 1, 108, 46),
(9, 1, 109, 24),
(10, 1, 110, 39),
(11, 1, 111, 44),
(12, 1, 112, 21),
(13, 1, 113, 35),
(14, 1, 114, 48),
(15, 1, 115, 26),
(16, 1, 116, 50),

(17, 2, 101, 40),
(18, 2, 102, 34),
(19, 2, 103, 48),
(20, 2, 104, 22),
(21, 2, 105, 30),
(22, 2, 106, 44),
(23, 2, 107, 19),
(24, 2, 108, 50),
(25, 2, 109, 27),
(26, 2, 110, 36),
(27, 2, 111, 41),
(28, 2, 112, 25),
(29, 2, 113, 49),
(30, 2, 114, 33),
(31, 2, 115, 20),
(32, 2, 116, 47),

(33, 3, 101, 33),
(34, 3, 102, 41),
(35, 3, 103, 38),
(36, 3, 104, 29),
(37, 3, 105, 47),
(38, 3, 106, 26),
(39, 3, 107, 32),
(40, 3, 108, 43),
(41, 3, 109, 21),
(42, 3, 110, 50),
(43, 3, 111, 39),
(44, 3, 112, 35),
(45, 3, 113, 23),
(46, 3, 114, 48),
(47, 3, 115, 18),
(48, 3, 116, 44),

(49, 4, 101, 39),
(50, 4, 102, 35),
(51, 4, 103, 49),
(52, 4, 104, 31),
(53, 4, 105, 23),
(54, 4, 106, 45),
(55, 4, 107, 28),
(56, 4, 108, 36),
(57, 4, 109, 18),
(58, 4, 110, 40),
(59, 4, 111, 27),
(60, 4, 112, 42),
(61, 4, 113, 30),
(62, 4, 114, 48),
(63, 4, 115, 21),
(64, 4, 116, 33),

(65, 5, 101, 44),
(66, 5, 102, 24),
(67, 5, 103, 42),
(68, 5, 104, 33),
(69, 5, 105, 27),
(70, 5, 106, 46),
(71, 5, 107, 30),
(72, 5, 108, 39),
(73, 5, 109, 25),
(74, 5, 110, 50),
(75, 5, 111, 32),
(76, 5, 112, 38),
(77, 5, 113, 19),
(78, 5, 114, 47),
(79, 5, 115, 26),
(80, 5, 116, 45),

(81, 6, 101, 38),
(82, 6, 102, 46),
(83, 6, 103, 27),
(84, 6, 104, 41),
(85, 6, 105, 35),
(86, 6, 106, 49),
(87, 6, 107, 20),
(88, 6, 108, 43),
(89, 6, 109, 18),
(90, 6, 110, 37),
(91, 6, 111, 39),
(92, 6, 112, 21),
(93, 6, 113, 42),
(94, 6, 114, 50),
(95, 6, 115, 28),
(96, 6, 116, 34),

(97, 7, 101, 47),
(98, 7, 102, 22),
(99, 7, 103, 36),
(100, 7, 104, 29),
(101, 7, 105, 48),
(102, 7, 106, 34),
(103, 7, 107, 19),
(104, 7, 108, 40),
(105, 7, 109, 31),
(106, 7, 110, 46),
(107, 7, 111, 33),
(108, 7, 112, 27),
(109, 7, 113, 25),
(110, 7, 114, 49),
(111, 7, 115, 20),
(112, 7, 116, 45),

(113, 8, 101, 25),
(114, 8, 102, 30),
(115, 8, 103, 41),
(116, 8, 104, 35),
(117, 8, 105, 49),
(118, 8, 106, 20),
(119, 8, 107, 38),
(120, 8, 108, 44),
(121, 8, 109, 29),
(122, 8, 110, 33),
(123, 8, 111, 46),
(124, 8, 112, 23),
(125, 8, 113, 50),
(126, 8, 114, 31),
(127, 8, 115, 37),
(128, 8, 116, 42),

(129, 9, 101, 43),
(130, 9, 102, 27),
(131, 9, 103, 32),
(132, 9, 104, 48),
(133, 9, 105, 26),
(134, 9, 106, 37),
(135, 9, 107, 21),
(136, 9, 108, 42),
(137, 9, 109, 30),
(138, 9, 110, 50),
(139, 9, 111, 29),
(140, 9, 112, 45),
(141, 9, 113, 24),
(142, 9, 114, 49),
(143, 9, 115, 33),
(144, 9, 116, 36),

(145, 10, 101, 39),
(146, 10, 102, 45),
(147, 10, 103, 28),
(148, 10, 104, 32),
(149, 10, 105, 44),
(150, 10, 106, 37),
(151, 10, 107, 23),
(152, 10, 108, 49),
(153, 10, 109, 29),
(154, 10, 110, 46),
(155, 10, 111, 41),
(156, 10, 112, 31),
(157, 10, 113, 27),
(158, 10, 114, 48),
(159, 10, 115, 25),
(160, 10, 116, 50),

(261, 11, 101, 44),
(262, 11, 102, 38),
(263, 11, 103, 47),
(264, 11, 104, 33),
(265, 11, 105, 25),
(266, 11, 106, 49),
(267, 11, 107, 31),
(268, 11, 108, 40),
(269, 11, 109, 22),
(270, 11, 110, 36),
(271, 11, 111, 46),
(272, 11, 112, 27),
(273, 11, 113, 35),
(274, 11, 114, 50),
(275, 11, 115, 28),
(276, 11, 116, 39),

(277, 12, 101, 42),
(278, 12, 102, 35),
(279, 12, 103, 48),
(280, 12, 104, 21),
(281, 12, 105, 33),
(282, 12, 106, 44),
(283, 12, 107, 30),
(284, 12, 108, 50),
(285, 12, 109, 26),
(286, 12, 110, 40),
(287, 12, 111, 34),
(288, 12, 112, 19),
(289, 12, 113, 47),
(290, 12, 114, 29),
(291, 12, 115, 37),
(292, 12, 116, 45),

(293, 13, 101, 36),
(294, 13, 102, 43),
(295, 13, 103, 32),
(296, 13, 104, 48),
(297, 13, 105, 28),
(298, 13, 106, 41),
(299, 13, 107, 25),
(300, 13, 108, 39),
(301, 13, 109, 33),
(302, 13, 110, 46),
(303, 13, 111, 21),
(304, 13, 112, 50),
(305, 13, 113, 30),
(306, 13, 114, 44),
(307, 13, 115, 23),
(308, 13, 116, 37),

(309, 14, 101, 40),
(310, 14, 102, 24),
(311, 14, 103, 37),
(312, 14, 104, 43),
(313, 14, 105, 49),
(314, 14, 106, 31),
(315, 14, 107, 27),
(316, 14, 108, 35),
(317, 14, 109, 20),
(318, 14, 110, 45),
(319, 14, 111, 33),
(320, 14, 112, 42),
(321, 14, 113, 29),
(322, 14, 114, 50),
(323, 14, 115, 18),
(324, 14, 116, 38),

(325, 15, 101, 47),
(326, 15, 102, 21),
(327, 15, 103, 39),
(328, 15, 104, 33),
(329, 15, 105, 41),
(330, 15, 106, 48),
(331, 15, 107, 26),
(332, 15, 108, 37),
(333, 15, 109, 44),
(334, 15, 110, 29),
(335, 15, 111, 35),
(336, 15, 112, 20),
(337, 15, 113, 46),
(338, 15, 114, 31),
(339, 15, 115, 50),
(340, 15, 116, 28),

(341, 16, 101, 38),
(342, 16, 102, 30),
(343, 16, 103, 42),
(344, 16, 104, 26),
(345, 16, 105, 49),
(346, 16, 106, 34),
(347, 16, 107, 25),
(348, 16, 108, 40),
(349, 16, 109, 28),
(350, 16, 110, 45),
(351, 16, 111, 33),
(352, 16, 112, 47),
(353, 16, 113, 21),
(354, 16, 114, 50),
(355, 16, 115, 29),
(356, 16, 116, 36),

(357, 17, 101, 41),
(358, 17, 102, 38),
(359, 17, 103, 27),
(360, 17, 104, 50),
(361, 17, 105, 29),
(362, 17, 106, 46),
(363, 17, 107, 22),
(364, 17, 108, 39),
(365, 17, 109, 33),
(366, 17, 110, 47),
(367, 17, 111, 20),
(368, 17, 112, 35),
(369, 17, 113, 45),
(370, 17, 114, 28),
(371, 17, 115, 31),
(372, 17, 116, 49),

(373, 18, 101, 33),
(374, 18, 102, 41),
(375, 18, 103, 30),
(376, 18, 104, 42),
(377, 18, 105, 19),
(378, 18, 106, 46),
(379, 18, 107, 34),
(380, 18, 108, 28),
(381, 18, 109, 50),
(382, 18, 110, 32),
(383, 18, 111, 47),
(384, 18, 112, 24),
(385, 18, 113, 35),
(386, 18, 114, 49),
(387, 18, 115, 27),
(388, 18, 116, 38),

(389, 19, 101, 45),
(390, 19, 102, 29),
(391, 19, 103, 38),
(392, 19, 104, 46),
(393, 19, 105, 20),
(394, 19, 106, 34),
(395, 19, 107, 27),
(396, 19, 108, 50),
(397, 19, 109, 33),
(398, 19, 110, 22),
(399, 19, 111, 41),
(400, 19, 112, 37),
(401, 19, 113, 48),
(402, 19, 114, 25),
(403, 19, 115, 31),
(404, 19, 116, 40),

(405, 20, 101, 37),
(406, 20, 102, 32),
(407, 20, 103, 50),
(408, 20, 104, 28),
(409, 20, 105, 43),
(410, 20, 106, 26),
(411, 20, 107, 35),
(412, 20, 108, 48),
(413, 20, 109, 39),
(414, 20, 110, 24),
(415, 20, 111, 31),
(416, 20, 112, 50),
(417, 20, 113, 23),
(418, 20, 114, 41),
(419, 20, 115, 36),
(420, 20, 116, 29),

(421, 21, 101, 44),
(422, 21, 102, 27),
(423, 21, 103, 39),
(424, 21, 104, 32),
(425, 21, 105, 48),
(426, 21, 106, 33),
(427, 21, 107, 25),
(428, 21, 108, 41),
(429, 21, 109, 29),
(430, 21, 110, 47),
(431, 21, 111, 22),
(432, 21, 112, 36),
(433, 21, 113, 50),
(434, 21, 114, 30),
(435, 21, 115, 28),
(436, 21, 116, 45),

(437, 22, 101, 38),
(438, 22, 102, 44),
(439, 22, 103, 26),
(440, 22, 104, 49),
(441, 22, 105, 32),
(442, 22, 106, 20),
(443, 22, 107, 34),
(444, 22, 108, 50),
(445, 22, 109, 23),
(446, 22, 110, 37),
(447, 22, 111, 29),
(448, 22, 112, 42),
(449, 22, 113, 21),
(450, 22, 114, 46),
(451, 22, 115, 30),
(452, 22, 116, 38),

(453, 23, 101, 40),
(454, 23, 102, 33),
(455, 23, 103, 47),
(456, 23, 104, 30),
(457, 23, 105, 41),
(458, 23, 106, 26),
(459, 23, 107, 35),
(460, 23, 108, 48),
(461, 23, 109, 19),
(462, 23, 110, 43),
(463, 23, 111, 27),
(464, 23, 112, 50),
(465, 23, 113, 34),
(466, 23, 114, 29),
(467, 23, 115, 45),
(468, 23, 116, 37),

(469, 24, 101, 35),
(470, 24, 102, 20),
(471, 24, 103, 44),
(472, 24, 104, 38),
(473, 24, 105, 29),
(474, 24, 106, 47),
(475, 24, 107, 33),
(476, 24, 108, 42),
(477, 24, 109, 25),
(478, 24, 110, 31),
(479, 24, 111, 48),
(480, 24, 112, 27),
(481, 24, 113, 36),
(482, 24, 114, 39),
(483, 24, 115, 50),
(484, 24, 116, 22),

(485, 25, 101, 48),
(486, 25, 102, 39),
(487, 25, 103, 31),
(488, 25, 104, 45),
(489, 25, 105, 23),
(490, 25, 106, 37),
(491, 25, 107, 50),
(492, 25, 108, 29),
(493, 25, 109, 40),
(494, 25, 110, 34),
(495, 25, 111, 26),
(496, 25, 112, 49),
(497, 25, 113, 20),
(498, 25, 114, 44),
(499, 25, 115, 33),
(500, 25, 116, 38),

(501, 26, 101, 43),
(502, 26, 102, 28),
(503, 26, 103, 32),
(504, 26, 104, 46),
(505, 26, 105, 35),
(506, 26, 106, 22),
(507, 26, 107, 41),
(508, 26, 108, 30),
(509, 26, 109, 48),
(510, 26, 110, 37),
(511, 26, 111, 24),
(512, 26, 112, 50),
(513, 26, 113, 31),
(514, 26, 114, 43),
(515, 26, 115, 27),
(516, 26, 116, 39),

(517, 27, 101, 36),
(518, 27, 102, 44),
(519, 27, 103, 29),
(520, 27, 104, 41),
(521, 27, 105, 33),
(522, 27, 106, 48),
(523, 27, 107, 20),
(524, 27, 108, 39),
(525, 27, 109, 26),
(526, 27, 110, 45),
(527, 27, 111, 34),
(528, 27, 112, 30),
(529, 27, 113, 50),
(530, 27, 114, 28),
(531, 27, 115, 47),
(532, 27, 116, 31),

(533, 28, 101, 30),
(534, 28, 102, 25),
(535, 28, 103, 43),
(536, 28, 104, 37),
(537, 28, 105, 21),
(538, 28, 106, 49),
(539, 28, 107, 29),
(540, 28, 108, 46),
(541, 28, 109, 34),
(542, 28, 110, 23),
(543, 28, 111, 41),
(544, 28, 112, 28),
(545, 28, 113, 36),
(546, 28, 114, 48),
(547, 28, 115, 32),
(548, 28, 116, 39),

(549, 29, 101, 41),
(550, 29, 102, 33),
(551, 29, 103, 38),
(552, 29, 104, 27),
(553, 29, 105, 49),
(554, 29, 106, 31),
(555, 29, 107, 44),
(556, 29, 108, 20),
(557, 29, 109, 35),
(558, 29, 110, 47),
(559, 29, 111, 29),
(560, 29, 112, 43),
(561, 29, 113, 25),
(562, 29, 114, 50),
(563, 29, 115, 32),
(564, 29, 116, 36),

(565, 30, 101, 38),
(566, 30, 102, 47),
(567, 30, 103, 26),
(568, 30, 104, 42),
(569, 30, 105, 34),
(570, 30, 106, 29),
(571, 30, 107, 50),
(572, 30, 108, 33),
(573, 30, 109, 24),
(574, 30, 110, 45),
(575, 30, 111, 30),
(576, 30, 112, 39),
(577, 30, 113, 20),
(578, 30, 114, 46),
(579, 30, 115, 28),
(580, 30, 116, 48),

(581, 31, 101, 42),
(582, 31, 102, 33),
(583, 31, 103, 48),
(584, 31, 104, 27),
(585, 31, 105, 35),
(586, 31, 106, 29),
(587, 31, 107, 44),
(588, 31, 108, 31),
(589, 31, 109, 39),
(590, 31, 110, 20),
(591, 31, 111, 46),
(592, 31, 112, 24),
(593, 31, 113, 41),
(594, 31, 114, 34),
(595, 31, 115, 30),
(596, 31, 116, 50),

(597, 32, 101, 38),
(598, 32, 102, 27),
(599, 32, 103, 44),
(600, 32, 104, 32),
(601, 32, 105, 49),
(602, 32, 106, 23),
(603, 32, 107, 37),
(604, 32, 108, 46),
(605, 32, 109, 25),
(606, 32, 110, 41),
(607, 32, 111, 33),
(608, 32, 112, 28),
(609, 32, 113, 50),
(610, 32, 114, 21),
(611, 32, 115, 39),
(612, 32, 116, 30),

(613, 33, 101, 45),
(614, 33, 102, 38),
(615, 33, 103, 22),
(616, 33, 104, 47),
(617, 33, 105, 36),
(618, 33, 106, 28),
(619, 33, 107, 41),
(620, 33, 108, 34),
(621, 33, 109, 32),
(622, 33, 110, 50),
(623, 33, 111, 29),
(624, 33, 112, 40),
(625, 33, 113, 20),
(626, 33, 114, 46),
(627, 33, 115, 37),
(628, 33, 116, 31),

(629, 34, 101, 39),
(630, 34, 102, 43),
(631, 34, 103, 27),
(632, 34, 104, 36),
(633, 34, 105, 48),
(634, 34, 106, 30),
(635, 34, 107, 25),
(636, 34, 108, 44),
(637, 34, 109, 31),
(638, 34, 110, 22),
(639, 34, 111, 50),
(640, 34, 112, 26),
(641, 34, 113, 38),
(642, 34, 114, 47),
(643, 34, 115, 29),
(644, 34, 116, 35),

(645, 35, 101, 47),
(646, 35, 102, 21),
(647, 35, 103, 49),
(648, 35, 104, 33),
(649, 35, 105, 25),
(650, 35, 106, 40),
(651, 35, 107, 28),
(652, 35, 108, 42),
(653, 35, 109, 37),
(654, 35, 110, 24),
(655, 35, 111, 31),
(656, 35, 112, 50),
(657, 35, 113, 29),
(658, 35, 114, 36),
(659, 35, 115, 48),
(660, 35, 116, 32),

(661, 36, 101, 32),
(662, 36, 102, 26),
(663, 36, 103, 43),
(664, 36, 104, 28),
(665, 36, 105, 39),
(666, 36, 106, 47),
(667, 36, 107, 20),
(668, 36, 108, 30),
(669, 36, 109, 48),
(670, 36, 110, 41),
(671, 36, 111, 24),
(672, 36, 112, 35),
(673, 36, 113, 50),
(674, 36, 114, 27),
(675, 36, 115, 42),
(676, 36, 116, 33),

(677, 37, 101, 44),
(678, 37, 102, 31),
(679, 37, 103, 40),
(680, 37, 104, 23),
(681, 37, 105, 47),
(682, 37, 106, 36),
(683, 37, 107, 50),
(684, 37, 108, 29),
(685, 37, 109, 33),
(686, 37, 110, 45),
(687, 37, 111, 21),
(688, 37, 112, 39),
(689, 37, 113, 26),
(690, 37, 114, 48),
(691, 37, 115, 34),
(692, 37, 116, 30),

(693, 38, 101, 35),
(694, 38, 102, 47),
(695, 38, 103, 29),
(696, 38, 104, 50),
(697, 38, 105, 26),
(698, 38, 106, 34),
(699, 38, 107, 41),
(700, 38, 108, 33),
(701, 38, 109, 44),
(702, 38, 110, 20),
(703, 38, 111, 36),
(704, 38, 112, 45),
(705, 38, 113, 28),
(706, 38, 114, 39),
(707, 38, 115, 50),
(708, 38, 116, 32),

(709, 39, 101, 40),
(710, 39, 102, 28),
(711, 39, 103, 37),
(712, 39, 104, 22),
(713, 39, 105, 49),
(714, 39, 106, 31),
(715, 39, 107, 35),
(716, 39, 108, 43),
(717, 39, 109, 21),
(718, 39, 110, 47),
(719, 39, 111, 29),
(720, 39, 112, 50),
(721, 39, 113, 32),
(722, 39, 114, 30),
(723, 39, 115, 46),
(724, 39, 116, 34),

(725, 40, 101, 31),
(726, 40, 102, 44),
(727, 40, 103, 26),
(728, 40, 104, 38),
(729, 40, 105, 41),
(730, 40, 106, 50),
(731, 40, 107, 29),
(732, 40, 108, 33),
(733, 40, 109, 30),
(734, 40, 110, 45),
(735, 40, 111, 27),
(736, 40, 112, 39),
(737, 40, 113, 20),
(738, 40, 114, 48),
(739, 40, 115, 23),
(740, 40, 116, 46),

(741, 41, 101, 44),
(742, 41, 102, 38),
(743, 41, 103, 41),
(744, 41, 104, 47),
(745, 41, 105, 36),
(746, 41, 106, 49),
(747, 41, 107, 42),
(748, 41, 108, 35),
(749, 41, 109, 39),
(750, 41, 110, 48),
(751, 41, 111, 43),
(752, 41, 112, 37),
(753, 41, 113, 46),
(754, 41, 114, 50),
(755, 41, 115, 40),
(756, 41, 116, 34),

(757, 42, 101, 37),
(758, 42, 102, 43),
(759, 42, 103, 49),
(760, 42, 104, 41),
(761, 42, 105, 36),
(762, 42, 106, 47),
(763, 42, 107, 39),
(764, 42, 108, 44),
(765, 42, 109, 48),
(766, 42, 110, 35),
(767, 42, 111, 40),
(768, 42, 112, 45),
(769, 42, 113, 37),
(770, 42, 114, 42),
(771, 42, 115, 50),
(772, 42, 116, 38),

(773, 43, 101, 46),
(774, 43, 102, 35),
(775, 43, 103, 40),
(776, 43, 104, 48),
(777, 43, 105, 39),
(778, 43, 106, 42),
(779, 43, 107, 36),
(780, 43, 108, 47),
(781, 43, 109, 41),
(782, 43, 110, 43),
(783, 43, 111, 49),
(784, 43, 112, 37),
(785, 43, 113, 50),
(786, 43, 114, 38),
(787, 43, 115, 45),
(788, 43, 116, 44),

(789, 44, 101, 39),
(790, 44, 102, 47),
(791, 44, 103, 43),
(792, 44, 104, 40),
(793, 44, 105, 36),
(794, 44, 106, 48),
(795, 44, 107, 50),
(796, 44, 108, 41),
(797, 44, 109, 35),
(798, 44, 110, 46),
(799, 44, 111, 44),
(800, 44, 112, 37),
(801, 44, 113, 49),
(802, 44, 114, 42),
(803, 44, 115, 38),
(804, 44, 116, 45),

(805, 45, 101, 34),
(806, 45, 102, 42),
(807, 45, 103, 48),
(808, 45, 104, 50),
(809, 45, 105, 46),
(810, 45, 106, 37),
(811, 45, 107, 39),
(812, 45, 108, 44),
(813, 45, 109, 36),
(814, 45, 110, 49),
(815, 45, 111, 38),
(816, 45, 112, 47),
(817, 45, 113, 41),
(818, 45, 114, 45),
(819, 45, 115, 40),
(820, 45, 116, 35),

(821, 46, 101, 48),
(822, 46, 102, 37),
(823, 46, 103, 42),
(824, 46, 104, 39),
(825, 46, 105, 41),
(826, 46, 106, 46),
(827, 46, 107, 35),
(828, 46, 108, 43),
(829, 46, 109, 47),
(830, 46, 110, 36),
(831, 46, 111, 49),
(832, 46, 112, 40),
(833, 46, 113, 50),
(834, 46, 114, 44),
(835, 46, 115, 38),
(836, 46, 116, 45),

(837, 47, 101, 35),
(838, 47, 102, 49),
(839, 47, 103, 41),
(840, 47, 104, 46),
(841, 47, 105, 37),
(842, 47, 106, 39),
(843, 47, 107, 48),
(844, 47, 108, 43),
(845, 47, 109, 50),
(846, 47, 110, 36),
(847, 47, 111, 45),
(848, 47, 112, 38),
(849, 47, 113, 42),
(850, 47, 114, 40),
(851, 47, 115, 47),
(852, 47, 116, 44),

(853, 48, 101, 39),
(854, 48, 102, 41),
(855, 48, 103, 48),
(856, 48, 104, 50),
(857, 48, 105, 36),
(858, 48, 106, 44),
(859, 48, 107, 43),
(860, 48, 108, 35),
(861, 48, 109, 47),
(862, 48, 110, 38),
(863, 48, 111, 46),
(864, 48, 112, 40),
(865, 48, 113, 42),
(866, 48, 114, 49),
(867, 48, 115, 45),
(868, 48, 116, 37),

(869, 49, 101, 47),
(870, 49, 102, 44),
(871, 49, 103, 38),
(872, 49, 104, 41),
(873, 49, 105, 35),
(874, 49, 106, 49),
(875, 49, 107, 50),
(876, 49, 108, 39),
(877, 49, 109, 36),
(878, 49, 110, 48),
(879, 49, 111, 43),
(880, 49, 112, 40),
(881, 49, 113, 46),
(882, 49, 114, 37),
(883, 49, 115, 45),
(884, 49, 116, 42),

(885, 50, 101, 36),
(886, 50, 102, 42),
(887, 50, 103, 47),
(888, 50, 104, 44),
(889, 50, 105, 38),
(890, 50, 106, 49),
(891, 50, 107, 41),
(892, 50, 108, 37),
(893, 50, 109, 50),
(894, 50, 110, 45),
(895, 50, 111, 36),
(896, 50, 112, 48),
(897, 50, 113, 43),
(898, 50, 114, 40),
(899, 50, 115, 46),
(900, 50, 116, 39),

(901, 51, 101, 44),
(902, 51, 102, 37),
(903, 51, 103, 41),
(904, 51, 104, 35),
(905, 51, 105, 48),
(906, 51, 106, 39),
(907, 51, 107, 46),
(908, 51, 108, 30),
(909, 51, 109, 50),
(910, 51, 110, 36),
(911, 51, 111, 42),
(912, 51, 112, 28),
(913, 51, 113, 47),
(914, 51, 114, 34),
(915, 51, 115, 40),
(916, 51, 116, 45),

(917, 52, 101, 38),
(918, 52, 102, 50),
(919, 52, 103, 29),
(920, 52, 104, 41),
(921, 52, 105, 35),
(922, 52, 106, 44),
(923, 52, 107, 47),
(924, 52, 108, 32),
(925, 52, 109, 49),
(926, 52, 110, 40),
(927, 52, 111, 37),
(928, 52, 112, 28),
(929, 52, 113, 43),
(930, 52, 114, 39),
(931, 52, 115, 46),
(932, 52, 116, 33),

(933, 53, 101, 42),
(934, 53, 102, 37),
(935, 53, 103, 50),
(936, 53, 104, 29),
(937, 53, 105, 44),
(938, 53, 106, 35),
(939, 53, 107, 41),
(940, 53, 108, 48),
(941, 53, 109, 30),
(942, 53, 110, 46),
(943, 53, 111, 33),
(944, 53, 112, 39),
(945, 53, 113, 47),
(946, 53, 114, 32),
(947, 53, 115, 49),
(948, 53, 116, 36),

(949, 54, 101, 35),
(950, 54, 102, 48),
(951, 54, 103, 42),
(952, 54, 104, 50),
(953, 54, 105, 37),
(954, 54, 106, 45),
(955, 54, 107, 39),
(956, 54, 108, 44),
(957, 54, 109, 41),
(958, 54, 110, 36),
(959, 54, 111, 47),
(960, 54, 112, 38),
(961, 54, 113, 43),
(962, 54, 114, 32),
(963, 54, 115, 50),
(964, 54, 116, 40),

(965, 55, 101, 46),
(966, 55, 102, 33),
(967, 55, 103, 39),
(968, 55, 104, 50),
(969, 55, 105, 41),
(970, 55, 106, 36),
(971, 55, 107, 44),
(972, 55, 108, 29),
(973, 55, 109, 48),
(974, 55, 110, 31),
(975, 55, 111, 37),
(976, 55, 112, 45),
(977, 55, 113, 34),
(978, 55, 114, 42),
(979, 55, 115, 50),
(980, 55, 116, 28),

(981, 56, 101, 40),
(982, 56, 102, 49),
(983, 56, 103, 35),
(984, 56, 104, 46),
(985, 56, 105, 38),
(986, 56, 106, 41),
(987, 56, 107, 50),
(988, 56, 108, 36),
(989, 56, 109, 43),
(990, 56, 110, 30),
(991, 56, 111, 44),
(992, 56, 112, 33),
(993, 56, 113, 48),
(994, 56, 114, 29),
(995, 56, 115, 47),
(996, 56, 116, 39),

(997, 57, 101, 34),
(998, 57, 102, 44),
(999, 57, 103, 48),
(1000, 57, 104, 37),
(1001, 57, 105, 41),
(1002, 57, 106, 50),
(1003, 57, 107, 39),
(1004, 57, 108, 45),
(1005, 57, 109, 36),
(1006, 57, 110, 42),
(1007, 57, 111, 46),
(1008, 57, 112, 33),
(1009, 57, 113, 49),
(1010, 57, 114, 30),
(1011, 57, 115, 47),
(1012, 57, 116, 35),

(1013, 58, 101, 41),
(1014, 58, 102, 38),
(1015, 58, 103, 45),
(1016, 58, 104, 50),
(1017, 58, 105, 33),
(1018, 58, 106, 48),
(1019, 58, 107, 40),
(1020, 58, 108, 36),
(1021, 58, 109, 46),
(1022, 58, 110, 29),
(1023, 58, 111, 37),
(1024, 58, 112, 44),
(1025, 58, 113, 35),
(1026, 58, 114, 49),
(1027, 58, 115, 42),
(1028, 58, 116, 31),

(1029, 59, 101, 36),
(1030, 59, 102, 50),
(1031, 59, 103, 38),
(1032, 59, 104, 47),
(1033, 59, 105, 41),
(1034, 59, 106, 43),
(1035, 59, 107, 48),
(1036, 59, 108, 30),
(1037, 59, 109, 39),
(1038, 59, 110, 44),
(1039, 59, 111, 35),
(1040, 59, 112, 50),
(1041, 59, 113, 37),
(1042, 59, 114, 46),
(1043, 59, 115, 32),
(1044, 59, 116, 49),

(1045, 60, 101, 43),
(1046, 60, 102, 37),
(1047, 60, 103, 45),
(1048, 60, 104, 50),
(1049, 60, 105, 36),
(1050, 60, 106, 48),
(1051, 60, 107, 41),
(1052, 60, 108, 39),
(1053, 60, 109, 46),
(1054, 60, 110, 30),
(1055, 60, 111, 44),
(1056, 60, 112, 33),
(1057, 60, 113, 47),
(1058, 60, 114, 28),
(1059, 60, 115, 50),
(1060, 60, 116, 35);

INSERT INTO attendance (attendance_id, student_id, school_date, remark) VALUES
(1, 1, '2025-12-11', 'Present'),
(2, 2, '2025-12-11', 'Absent'),
(3, 3, '2025-12-11', 'Present'),
(4, 4, '2025-12-11', 'Late'),
(5, 5, '2025-12-11', 'Present'),
(6, 6, '2025-12-11', 'Present'),
(7, 7, '2025-12-11', 'Absent'),
(8, 8, '2025-12-11', 'Present'),
(9, 9, '2025-12-11', 'Present'),
(10, 10, '2025-12-11', 'Late'),
(11, 11, '2025-12-11', 'Present'),
(12, 12, '2025-12-11', 'Absent'),
(13, 13, '2025-12-11', 'Present'),
(14, 14, '2025-12-11', 'Present'),
(15, 15, '2025-12-11', 'Half Day'),
(16, 16, '2025-12-11', 'Present'),
(17, 17, '2025-12-11', 'Absent'),
(18, 18, '2025-12-11', 'Present'),
(19, 19, '2025-12-11', 'Late'),
(20, 20, '2025-12-11', 'Present'),
(21, 21, '2025-12-11', 'Present'),
(22, 22, '2025-12-11', 'Absent'),
(23, 23, '2025-12-11', 'Present'),
(24, 24, '2025-12-11', 'Present'),
(25, 25, '2025-12-11', 'Absent'),
(26, 26, '2025-12-11', 'Present'),
(27, 27, '2025-12-11', 'Present'),
(28, 28, '2025-12-11', 'Late'),
(29, 29, '2025-12-11', 'Present'),
(30, 30, '2025-12-11', 'Present'),
(31, 31, '2025-12-11', 'Absent'),
(32, 32, '2025-12-11', 'Present'),
(33, 33, '2025-12-11', 'Present'),
(34, 34, '2025-12-11', 'Present'),
(35, 35, '2025-12-11', 'Half Day'),
(36, 36, '2025-12-11', 'Present'),
(37, 37, '2025-12-11', 'Absent'),
(38, 38, '2025-12-11', 'Present'),
(39, 39, '2025-12-11', 'Present'),
(40, 40, '2025-12-11', 'Late'),
(41, 41, '2025-12-11', 'Present'),
(42, 42, '2025-12-11', 'Present'),
(43, 43, '2025-12-11', 'Absent'),
(44, 44, '2025-12-11', 'Present'),
(45, 45, '2025-12-11', 'Present'),
(46, 46, '2025-12-11', 'Present'),
(47, 47, '2025-12-11', 'Absent'),
(48, 48, '2025-12-11', 'Present'),
(49, 49, '2025-12-11', 'Late'),
(50, 50, '2025-12-11', 'Present'),
(51, 51, '2025-12-11', 'Present'),
(52, 52, '2025-12-11', 'Absent'),
(53, 53, '2025-12-11', 'Present'),
(54, 54, '2025-12-11', 'Present'),
(55, 55, '2025-12-11', 'Present'),
(56, 56, '2025-12-11', 'Half Day'),
(57, 57, '2025-12-11', 'Present'),
(58, 58, '2025-12-11', 'Absent'),
(59, 59, '2025-12-11', 'Present'),
(60, 60, '2025-12-11', 'Present'),

(61, 1, '2025-12-12', 'Present'),
(62, 2, '2025-12-12', 'Present'),
(63, 3, '2025-12-12', 'Absent'),
(64, 4, '2025-12-12', 'Present'),
(65, 5, '2025-12-12', 'Late'),
(66, 6, '2025-12-12', 'Present'),
(67, 7, '2025-12-12', 'Present'),
(68, 8, '2025-12-12', 'Absent'),
(69, 9, '2025-12-12', 'Present'),
(70, 10, '2025-12-12', 'Present'),
(71, 11, '2025-12-12', 'Half Day'),
(72, 12, '2025-12-12', 'Present'),
(73, 13, '2025-12-12', 'Absent'),
(74, 14, '2025-12-12', 'Present'),
(75, 15, '2025-12-12', 'Present'),
(76, 16, '2025-12-12', 'Present'),
(77, 17, '2025-12-12', 'Absent'),
(78, 18, '2025-12-12', 'Present'),
(79, 19, '2025-12-12', 'Present'),
(80, 20, '2025-12-12', 'Late'),
(81, 21, '2025-12-12', 'Present'),
(82, 22, '2025-12-12', 'Present'),
(83, 23, '2025-12-12', 'Absent'),
(84, 24, '2025-12-12', 'Present'),
(85, 25, '2025-12-12', 'Present'),
(86, 26, '2025-12-12', 'Present'),
(87, 27, '2025-12-12', 'Present'),
(88, 28, '2025-12-12', 'Late'),
(89, 29, '2025-12-12', 'Present'),
(90, 30, '2025-12-12', 'Absent'),
(91, 31, '2025-12-12', 'Present'),
(92, 32, '2025-12-12', 'Present'),
(93, 33, '2025-12-12', 'Present'),
(94, 34, '2025-12-12', 'Present'),
(95, 35, '2025-12-12', 'Late'),
(96, 36, '2025-12-12', 'Present'),
(97, 37, '2025-12-12', 'Present'),
(98, 38, '2025-12-12', 'Absent'),
(99, 39, '2025-12-12', 'Present'),
(100, 40, '2025-12-12', 'Present'),
(101, 41, '2025-12-12', 'Absent'),
(102, 42, '2025-12-12', 'Present'),
(103, 43, '2025-12-12', 'Present'),
(104, 44, '2025-12-12', 'Late'),
(105, 45, '2025-12-12', 'Present'),
(106, 46, '2025-12-12', 'Present'),
(107, 47, '2025-12-12', 'Present'),
(108, 48, '2025-12-12', 'Absent'),
(109, 49, '2025-12-12', 'Present'),
(110, 50, '2025-12-12', 'Half Day'),
(111, 51, '2025-12-12', 'Present'),
(112, 52, '2025-12-12', 'Absent'),
(113, 53, '2025-12-12', 'Present'),
(114, 54, '2025-12-12', 'Present'),
(115, 55, '2025-12-12', 'Present'),
(116, 56, '2025-12-12', 'Late'),
(117, 57, '2025-12-12', 'Present'),
(118, 58, '2025-12-12', 'Present'),
(119, 59, '2025-12-12', 'Absent'),
(120, 60, '2025-12-12', 'Present');

-- to display the data of the table
select * from result;

-- to display the student data which belong to class_id 1 i.e 1A
select * from student
where class_id = 1;

-- to display the teacher data that which teacher belong to which class the teacher assigned to
select * from class 
where teacher_id = 16;

-- to display the student name and attendance remark by join
SELECT s.first_name, s.last_name, a.school_date, a.remark
FROM student s
JOIN attendance a
ON s.student_id = a.student_id;

-- display for specific student
SELECT s.first_name, a.remark
FROM student s
JOIN attendance a
ON s.student_id = a.student_id
WHERE s.student_id = 5;

-- to display the data through multiple joins and stating condition for it 
SELECT s.first_name, sub.name_subj, r.marks_obt
FROM student s
JOIN result r 
ON s.student_id = r.student_id
JOIN subject1 sub 
ON r.subject_id = sub.subject_id
where name_subj="Mathematics" and marks_obt>40;

-- to display the count of the student who were absent on that particular date
SELECT COUNT(*) AS absent_count
FROM attendance
WHERE school_date = '2025-12-12'
AND remark = 'absent';

-- to display the student with id and name who were absent on particular date
select s.student_id, s.first_name,s.last_name
from student s
join attendance a
on s.student_id=a.student_id
where a.school_date="2025-12-11" and a.remark="absent";

-- to display the count of remark 
select count(student_id),remark
from attendance
group by remark
order by count(student_id);

-- to display the teacher name and thier subject which they are assigned to
select t.first_name,sub1.name_subj
from teacher t
join subject1 sub1
on t.teacher_id=sub1.teacher_id;